{"count":6,"results":[{"id":1,"name":"Salad","description":"They named a salad after me.","max_attempts":0,"value":10,"category":"Cryptography","type":"standard","state":"visible","requirements":null},{"id":2,"name":"All about that bass","description":"RG8geW91IGFsc28gbG92ZSBtdXNpYyB3aXRoIGxvdHMgb2YgYmFzcz8=","max_attempts":0,"value":10,"category":"Cryptography","type":"standard","state":"visible","requirements":null},{"id":4,"name":"Broadcast","description":"Given the IP address \"192.168.242.5\" and netmask \"/20\", what is my broadcast address?","max_attempts":0,"value":10,"category":"Networking","type":"standard","state":"visible","requirements":null},{"id":5,"name":"Christmas day hacking","description":"A malicious threat actor succeded in infiltrating the servers of the Hogeschool Utrecht and set up malware inside. The malware laid dormant for months, being unnoticed by the server admins.  On the first day of the christmas holiday the mallware was activated. What is this type of malware called?","max_attempts":0,"value":20,"category":"Mallware","type":"standard","state":"visible","requirements":null},{"id":6,"name":"I am lost","description":"Donwload the image and pinpoint the location.\r\nWhat city am I in?","max_attempts":0,"value":15,"category":"OSINT","type":"standard","state":"visible","requirements":null},{"id":7,"name":"SSH","description":"Alice makes use of bad password hygiene on her server.\r\nRetrieve the content of the hidden message.","max_attempts":0,"value":20,"category":"Pwning","type":"kubedefault","state":"hidden","requirements":null}],"meta":{}}