{"count":6,"results":[{"id":1,"challenge_id":1,"type":"static","content":"Ceasar would love his salad.","data":""},{"id":2,"challenge_id":2,"type":"static","content":"Do you also love music with lots of bass?","data":""},{"id":3,"challenge_id":4,"type":"static","content":"192.168.255.255","data":""},{"id":4,"challenge_id":5,"type":"static","content":"Logic Bomb","data":"case_insensitive"},{"id":5,"challenge_id":6,"type":"static","content":"Osaka","data":"case_insensitive"},{"id":6,"challenge_id":7,"type":"static","content":"Flag_CTF{6FC2026177520736F636963266}","data":""}],"meta":{}}