{"count":1,"results":[{"id":1,"title":null,"route":"index","content":"<div class=\"row\">\n    <div class=\"col-md-6 offset-md-3\">\n        <img class=\"w-100 mx-auto d-block\" style=\"max-width: 500px;padding: 50px;padding-top: 14vh;\" src=\"themes/core/static/img/logo.png\" />\n        <h3 class=\"text-center\">\n            <p>A CTF platform from <a href=\"https://jointcyberrange.nl/\">Joint Cyber Range</a></p>\n            <p>The national facility for cyber security education in the Netherlands and beyond. Developed by and for higher and vocational education.</p>\n        </h3>\n    </div>\n</div>","draft":false,"hidden":null,"auth_required":null}],"meta":{}}