{"count":2,"results":[{"id":1,"oauth_id":null,"name":"admin","password":"$bcrypt-sha256$2b,12$u3O.QqfblNr5IYHhuPv5Mu$rZkjiQF6kooxOw5hTCF0ErvkfAGFb/6","email":"admin@admin.nl","type":"admin","secret":null,"website":null,"affiliation":null,"country":null,"bracket":null,"hidden":true,"banned":false,"verified":false,"team_id":null,"created":"2021-09-08T14:11:05.620061"},{"id":2,"oauth_id":null,"name":"user","password":"$bcrypt-sha256$2b,12$6A65UaVgCWMvL/meipcL4.$8WmggNOHQ1/dC2KQXpG1tPK842HBd2S","email":"user@user.nl","type":"user","secret":null,"website":null,"affiliation":null,"country":null,"bracket":null,"hidden":false,"banned":false,"verified":true,"team_id":null,"created":"2021-09-08T19:37:02.108373"}],"meta":{}}